{"cameraMode":{"drawMode":0,"name":"Shaded","section":"Shading Mode"},"sceneLighting":true,"audioPlay":false,"sceneViewState":{"m_AlwaysRefresh":false,"showFog":true,"showSkybox":true,"showFlares":true,"showImageEffects":true,"showParticleSystems":true,"showVisualEffectGraphs":true,"m_FxEnabled":true},"in2DMode":false,"pivot":{"x":0.1013917326927185,"y":0.019125133752822877,"z":-0.013169864192605019},"rotation":{"x":-0.050211310386657718,"y":-0.6966406106948853,"z":0.04899076372385025,"w":-0.7139859199523926},"size":0.09938082844018936,"orthographic":false}