{"cameraMode":{"drawMode":0,"name":"Shaded","section":"Shading Mode"},"sceneLighting":false,"audioPlay":false,"sceneViewState":{"m_AlwaysRefresh":false,"showFog":true,"showSkybox":false,"showFlares":true,"showImageEffects":true,"showParticleSystems":true,"showVisualEffectGraphs":true,"m_FxEnabled":true},"in2DMode":false,"pivot":{"x":1.862645149230957e-9,"y":0.02130577713251114,"z":-0.008682139217853547},"rotation":{"x":-0.050211310386657718,"y":-0.6966406106948853,"z":0.04899076372385025,"w":-0.7139859199523926},"size":0.6102002263069153,"orthographic":false}